{"alarm_time": 1525185045.7874463, "previous_update_time": "17:14:03.092191", "bottle_number": 2, "previous_measurement": 750, "x2": [0, 0.403, 0.403, 3.155, 3.155, 5.848, 5.848, 7.721, 7.721], "y2": [0, 0, 390, 390, 1250, 1250, 1680, 1680, 2050]}