{"alarm_time": 1525185045.7874463, "previous_update_time": "12:40:04.135936", "bottle_number": 1, "previous_measurement": 150, "x2": [0, 0.403, 0.403, 3.155, 3.155], "y2": [0, 0, 390, 390, 1250]}