{"alarm_time": 1525185045.7874463, "previous_update_time": "15:21:37.636373", "bottle_number": 2, "previous_measurement": 1120, "x2": [0, 0.403, 0.403, 3.155, 3.155, 5.848, 5.848], "y2": [0, 0, 390, 390, 1250, 1250, 1680]}