{"alarm_time": 1525185045.7874463, "previous_update_time": "17:38:36.282452", "bottle_number": 2, "previous_measurement": 520, "x2": [0, 0.403, 0.403, 3.155, 3.155, 5.848, 5.848, 7.721, 7.721, 8.039, 8.039, 8.131, 8.131], "y2": [0, 0, 390, 390, 1250, 1250, 1680, 1680, 2050, 2050, 2200, 2200, 2280]}